Time (h),Aeration rate(Fg:L/h),Substrate concentration(S:g/L),Dissolved oxygen concentration(DO2:mg/L),Penicillin concentration(P:g/L),pH(pH:pH),Temperature(T:K),Generated heat(Q:kJ),carbon dioxide percent in off-gas(CO2outgas:%),Batch ID
0.2,30,1.1557,14.668,0.001,6.4766,297.92,28.966,0.084908,5
0.4,30,1.2076,14.648,0.00099948,6.4813,297.95,37.566,0.095882,5
0.6,30,1.2582,14.617,0.00099892,6.4968,297.92,29.716,0.099472,5
0.8,30,1.3068,14.603,0.00099837,6.5129,298.04,61.778,0.10163,5
1.0,30,1.3535,14.578,0.00099782,6.5234,297.98,44.498,0.10356,5
1.2,30,1.3984,14.551,0.00099732,6.5204,297.93,32.718,0.10552,5
1.4,30,1.442,14.537,0.00099683,6.5059,298.02,55.074,0.10755,5
1.6,30,1.4845,14.511,0.00099636,6.4893,297.97,41.753,0.10966,5
1.8,30,1.5248,14.489,0.00099586,6.4799,297.93,33.331,0.11187,5
2.0,30,1.5629,14.459,0.00099534,6.4818,298.01,53.694,0.11418,5
2.2,30,1.5996,14.434,0.00099479,6.4926,297.97,43.464,0.11659,5
2.4,30,1.6346,14.414,0.00099423,6.5084,297.95,37.008,0.1191,5
2.6,30,1.668,14.398,0.00099367,6.5179,298.03,57.577,0.1217,5
2.8,30,1.6996,14.374,0.00099315,6.5174,298.0,49.461,0.1244,5
3.0,30,1.7292,14.346,0.00099264,6.5085,297.97,43.718,0.12721,5
3.2,30,1.7703,14.323,0.00099212,6.4947,297.96,41.159,0.13013,5
3.4,30,1.8088,14.283,0.00099159,6.4845,297.96,41.248,0.13318,5
3.6,30,1.845,14.246,0.00099104,6.4829,297.97,42.64,0.13636,5
3.8,30,1.8792,14.204,0.00099046,6.4915,297.98,44.558,0.13966,5
4.0,30,1.9108,14.17,0.00098987,6.5033,297.99,46.963,0.14308,5
4.2,30,1.9672,14.13,0.00098929,6.5132,298.0,49.41,0.14661,5
4.4,30,2.0214,14.094,0.00098872,6.5184,298.0,51.57,0.15026,5
4.6,30,2.0731,14.068,0.00098817,6.5123,298.01,53.653,0.15403,5
4.8,30,2.1215,14.025,0.00098764,6.4995,298.02,55.807,0.15793,5
5.0,30,2.1676,13.989,0.00098711,6.4875,298.03,58.005,0.16197,5
5.2,30,2.2104,13.941,0.00098657,6.4816,298.04,59.985,0.16617,5
5.4,30,2.2507,13.913,0.000986,6.4836,298.04,60.84,0.17051,5
5.6,30,2.2872,13.886,0.00098542,6.4924,298.04,62.189,0.175,5
5.8,30,2.3199,13.831,0.00098482,6.5045,298.05,63.492,0.17965,5
6.0,30,2.3499,13.785,0.00098422,6.5124,298.05,64.33,0.18447,5
6.2,30,2.3763,13.722,0.00098364,6.5159,298.05,63.974,0.18946,5
6.4,30,2.3983,13.663,0.00098309,6.5106,298.05,65.06,0.19463,5
6.6,30,2.4153,13.608,0.00098254,6.4994,298.06,67.308,0.2,5
6.8,30,2.4289,13.553,0.00098199,6.4891,298.07,69.982,0.20559,5
7.0,30,2.4383,13.496,0.00098143,6.4836,298.08,71.356,0.21137,5
7.2,30,2.4443,13.439,0.00098084,6.4847,298.08,72.738,0.21734,5
7.4,30,2.4462,13.38,0.00098022,6.4916,298.09,74.896,0.22351,5
7.6,30,2.443,13.319,0.0009796,6.4995,298.1,75.721,0.22988,5
7.8,30,2.4351,13.24,0.00097897,6.508,298.1,75.987,0.23648,5
8.0,30,2.4224,13.159,0.00097836,6.5118,298.1,75.775,0.24331,5
8.2,42,2.4045,13.276,0.00097776,6.5095,298.1,77.65,0.19558,5
8.4,42,2.3825,13.2,0.00097717,6.5026,298.11,80.068,0.19512,5
8.6,42,2.3555,13.126,0.00097658,6.4933,298.12,81.936,0.19993,5
8.8,42,2.3225,13.056,0.00097598,6.4846,298.12,83.313,0.20548,5
9.0,42,2.2843,12.991,0.00097535,6.4812,298.13,84.681,0.21128,5
9.2,42,2.239,12.91,0.0009747,6.4818,298.14,87.498,0.2173,5
9.4,42,2.1863,12.821,0.00097402,6.4867,298.14,87.099,0.22354,5
9.6,42,2.1275,12.731,0.00097333,6.494,298.14,87.238,0.23001,5
9.8,42,2.0619,12.634,0.00097262,6.5013,298.14,86.735,0.23671,5
10.0,42,1.9902,12.55,0.00097192,6.5086,298.15,89.051,0.24361,5
10.2,42,1.9106,12.444,0.00097123,6.5119,298.16,91.671,0.25076,5
10.4,42,1.8236,12.347,0.00097055,6.5112,298.16,93.577,0.25815,5
10.6,42,1.7283,12.233,0.00096988,6.5048,298.17,95.05,0.26581,5
10.8,42,1.6257,12.123,0.00096922,6.4947,298.18,97.496,0.27374,5
11.0,42,1.5134,12.012,0.00096855,6.4865,298.19,99.894,0.28196,5
11.2,42,1.3938,11.892,0.00096786,6.4802,298.19,100.85,0.29047,5
11.4,42,1.2635,11.751,0.00096714,6.4775,298.18,98.547,0.29929,5
11.6,42,1.1245,11.632,0.00096639,6.4784,298.17,96.316,0.30841,5
11.8,42,0.97649,11.496,0.00096561,6.481,298.18,98.003,0.31785,5
12.0,42,0.81947,11.36,0.00096481,6.4813,298.18,96.985,0.3276,5
12.2,42,0.68685,11.247,0.00096393,6.4804,298.17,95.437,0.33763,5
12.4,42,0.54472,11.107,0.00096302,6.4814,298.17,96.351,0.34798,5
12.6,42,0.39378,11.812,0.00096208,6.4842,298.16,92.466,0.35862,5
12.8,42,0.23895,11.718,0.00096113,6.4865,298.15,88.903,0.36951,5
13.0,42,0.091308,11.785,0.00096015,6.4903,298.13,85.6,0.38052,5
13.2,42,0.013131,12.903,0.00095917,6.5099,298.03,58.834,0.39071,5
13.4,42,0.01104,13.067,0.0009582,6.5444,297.91,25.004,0.39826,5
13.6,42,0.010927,13.061,0.00095728,6.5742,298.82,267.12,0.40497,5
13.8,42,0.010866,13.003,0.00095656,6.5742,298.5,183.48,0.41155,5
14.0,42,0.010526,12.977,0.00095594,6.5499,298.26,118.66,0.41811,5
14.2,42,0.010178,12.953,0.0009554,6.5112,298.11,78.379,0.42464,5
14.4,42,0.010149,12.901,0.00095487,6.4721,298.02,56.242,0.4312,5
14.6,42,0.0097724,12.91,0.00095431,6.4475,297.97,41.61,0.43774,5
14.8,42,0.0095234,12.911,0.0009537,6.4416,297.93,30.947,0.44422,5
15.0,42,0.0094488,12.913,0.00095301,6.4535,298.57,202.62,0.45066,5
15.2,42,0.009256,12.915,0.0009523,6.4764,298.37,149.01,0.45706,5
15.4,42,0.0090596,12.903,0.00095163,6.5047,298.21,106.02,0.46341,5
15.6,42,0.0091229,12.87,0.00095096,6.5308,298.11,78.348,0.46975,5
15.8,42,0.0090612,12.849,0.00095036,6.5492,298.04,60.717,0.47609,5
16.0,42,0.0086941,12.833,0.00095013,6.5517,298.0,49.753,0.48239,5
16.2,42,0.026939,11.575,0.00094938,6.5102,298.09,73.093,0.49027,5
16.4,42,0.025682,11.521,0.00094864,6.4686,298.15,89.355,0.49974,5
16.6,42,0.025311,11.456,0.00094785,6.4407,298.19,99.924,0.50947,5
16.8,42,0.024392,11.436,0.00094698,6.4271,298.21,105.72,0.5193,5
17.0,42,0.022707,11.442,0.00094601,6.4334,298.22,109.47,0.52915,5
17.2,42,0.022758,11.39,0.00094496,6.4492,298.22,107.52,0.539,5
17.4,42,0.021629,11.373,0.00094384,6.4679,298.2,102.5,0.5489,5
17.6,42,0.02021,11.38,0.00094269,6.4871,298.17,94.946,0.55874,5
17.8,42,0.019692,11.319,0.00094151,6.5041,298.17,94.669,0.56858,5
18.0,42,0.018654,11.317,0.00094035,6.5191,298.13,85.948,0.5784,5
18.2,42,0.018011,11.283,0.00093921,6.5325,298.11,78.195,0.58817,5
18.4,42,0.017322,11.246,0.00093812,6.5433,298.08,71.319,0.59791,5
18.6,42,0.017577,11.151,0.00093708,6.5503,298.07,67.915,0.60771,5
18.8,42,0.017037,11.065,0.00093624,6.5368,298.04,59.534,0.61757,5
19.0,42,0.016699,10.995,0.00093545,6.5147,298.01,51.733,0.62748,5
19.2,42,0.015922,10.981,0.00093468,6.4877,298.0,49.047,0.63742,5
19.4,42,0.01586,10.905,0.00093389,6.4685,298.01,53.052,0.64741,5
19.6,42,0.01537,10.888,0.00093305,6.4603,298.0,49.681,0.65744,5
19.8,42,0.01511,10.824,0.00093217,6.462,297.98,44.905,0.66751,5
20.0,42,0.014484,10.829,0.00093123,6.4701,297.97,42.448,0.67757,5
20.2,55,0.047414,9.8622,0.00093002,6.4557,298.09,72.623,0.54399,5
20.4,55,0.048285,9.6755,0.00092874,6.4408,298.18,98.117,0.54651,5
20.6,55,0.043349,9.6038,0.00092739,6.43,298.21,107.52,0.55711,5
20.8,55,0.039855,9.5773,0.00092595,6.4247,298.21,107.37,0.56821,5
21.0,55,0.035603,9.5388,0.00092442,6.4223,298.19,99.942,0.57938,5
21.2,55,0.032811,9.5291,0.00092283,6.4217,298.18,97.037,0.59055,5
21.4,55,0.031765,9.4551,0.00092125,6.4211,298.16,93.144,0.60174,5
21.6,55,0.02965,9.4084,0.00091968,6.4205,298.17,96.646,0.61302,5
21.8,55,0.027976,9.3256,0.0009181,6.4202,298.18,99.501,0.62437,5
22.0,55,0.025535,9.3156,0.00091653,6.4211,298.2,102.51,0.63572,5
22.2,55,0.024043,9.2469,0.00091497,6.4216,298.18,97.045,0.6471,5
22.4,55,0.024006,9.0997,0.00091341,6.4212,298.15,89.935,0.65861,5
22.6,55,0.022604,9.0595,0.00091185,6.4208,298.13,85.572,0.67022,5
22.8,55,0.021468,9.0344,0.0009103,6.4212,298.11,79.672,0.68182,5
23.0,55,0.02053,9.0351,0.00090875,6.4222,298.07,69.376,0.69335,5
23.2,55,0.019599,9.0082,0.00090721,6.4236,298.06,65.182,0.70487,5
23.4,55,0.019018,8.9303,0.00090568,6.4242,298.05,62.962,0.71641,5
23.6,55,0.017856,8.9324,0.00090414,6.4257,298.04,60.213,0.72791,5
23.8,55,0.016581,8.9269,0.00090261,6.4283,298.01,51.981,0.7393,5
24.0,55,0.016732,8.8033,0.00090109,6.4296,297.97,40.705,0.75074,5
24.2,55,0.0028344,11.965,0.021289,6.4691,297.68,1e-06,0.7579,5
24.4,55,0.0028501,11.95,0.044828,6.5066,299.05,380.27,0.76232,5
24.6,55,0.0028531,11.902,0.06819,6.5401,298.33,179.96,0.76658,5
24.8,55,0.0028701,11.859,0.091566,6.5695,297.91,62.863,0.77083,5
25.0,55,0.0029245,11.692,0.11479,6.589,298.84,321.33,0.77511,5
25.2,55,0.0028631,12.455,0.13855,6.5842,298.34,183.3,0.77937,5
25.4,55,0.0027836,12.425,0.16327,6.5527,298.02,95.605,0.78357,5
25.6,55,0.0027384,12.392,0.18846,6.5086,297.87,51.379,0.78772,5
25.8,55,0.0027237,12.365,0.21391,6.4681,298.5,227.85,0.79184,5
26.0,55,0.0026692,12.364,0.23994,6.4443,298.25,157.03,0.79595,5
26.2,55,0.0026233,12.396,0.26637,6.4424,298.06,105.27,0.8,5
26.4,55,0.0025829,12.427,0.29325,6.458,297.96,78.814,0.80399,5
26.6,55,0.0025861,12.44,0.32021,6.4837,297.91,64.671,0.80796,5
26.8,55,0.0025807,12.445,0.34742,6.5125,298.39,196.21,0.8119,5
27.0,55,0.0025612,12.44,0.37479,6.537,298.22,149.53,0.81581,5
27.2,55,0.0025515,12.402,0.4024,6.556,298.1,116.47,0.8197,5
27.4,55,0.0025191,12.335,0.4303,6.5469,298.03,97.925,0.82357,5
27.6,55,0.0024881,12.285,0.45862,6.5169,298.01,91.245,0.8274,5
27.8,55,0.0024376,12.279,0.48747,6.4818,297.99,85.572,0.8312,5
28.0,55,0.0023967,12.265,0.51676,6.4594,297.98,83.086,0.83496,5
28.2,55,0.0027759,12.037,0.54334,6.4544,297.99,86.369,0.83902,5
28.4,55,0.0027549,12.033,0.57015,6.466,297.99,85.252,0.84322,5
28.6,55,0.0028121,12.002,0.59651,6.4882,297.98,82.986,0.84745,5
28.8,55,0.0028499,11.94,0.62259,6.51,297.98,83.563,0.85175,5
29.0,55,0.0028302,11.927,0.649,6.5271,297.98,83.072,0.85604,5
29.2,55,0.0028492,11.885,0.67544,6.5375,297.98,83.244,0.86032,5
29.4,55,0.0028485,11.832,0.70212,6.5389,297.98,82.05,0.86461,5
29.6,55,0.002843,11.788,0.72912,6.5238,297.98,83.65,0.8689,5
29.8,55,0.0028056,11.752,0.75647,6.4987,297.99,84.88,0.8732,5
30.0,55,0.0028193,11.72,0.78384,6.4774,297.99,85.671,0.8775,5
30.2,55,0.0028415,12.547,0.81094,6.4686,297.99,86.198,0.88181,5
30.4,55,0.0027923,12.584,0.83858,6.4738,297.99,84.976,0.88608,5
30.6,55,0.0028266,12.537,0.86613,6.4857,297.98,82.844,0.89037,5
30.8,55,0.0028334,12.529,0.89381,6.499,297.97,81.627,0.89468,5
31.0,55,0.0028179,12.502,0.92177,6.511,297.98,82.064,0.89898,5
31.2,55,0.0028389,12.455,0.94954,6.5185,297.98,82.562,0.90328,5
31.4,55,0.0028728,12.389,0.97725,6.5217,297.98,83.993,0.90762,5
31.6,55,0.0028768,12.342,1.0051,6.517,297.99,86.61,0.91198,5
31.8,55,0.0028748,12.303,1.033,6.505,298.0,88.619,0.91633,5
32.0,55,0.0028365,12.283,1.0616,6.4925,298.0,89.508,0.92067,5
32.2,55,0.0032454,12.05,1.0853,6.4842,298.02,95.323,0.92531,5
32.4,55,0.0032232,12.026,1.1092,6.4825,298.03,97.033,0.93011,5
32.6,55,0.0031099,12.044,1.1347,6.486,298.03,96.714,0.93486,5
32.8,55,0.0031569,12.022,1.1598,6.4917,298.03,96.125,0.9396,5
33.0,55,0.0031238,12.004,1.1855,6.4997,298.02,95.274,0.94433,5
33.2,55,0.0030673,12.013,1.2119,6.5099,298.03,95.702,0.94902,5
33.4,55,0.0030623,11.991,1.2388,6.5165,298.02,94.783,0.95369,5
33.6,55,0.0030995,11.921,1.2654,6.5171,298.02,93.802,0.95839,5
33.8,55,0.0030629,11.88,1.2925,6.5133,298.02,94.142,0.96309,5
34.0,55,0.0030351,11.877,1.3202,6.5064,298.02,92.883,0.96776,5
34.2,55,0.0029764,11.848,1.3489,6.4972,298.01,92.7,0.9724,5
34.4,55,0.0030066,11.785,1.3775,6.491,298.03,96.101,0.97705,5
34.6,55,0.0030247,11.741,1.4061,6.4878,298.04,98.823,0.98174,5
34.8,55,0.0029503,11.753,1.4356,6.4889,298.04,98.839,0.9864,5
35.0,55,0.0029155,11.743,1.4658,6.493,298.04,100.34,0.99103,5
35.2,55,0.0029167,11.712,1.4959,6.4996,298.04,99.153,0.99568,5
35.4,55,0.0029501,11.653,1.5258,6.5089,298.04,99.698,1.0004,5
35.6,55,0.0029195,11.639,1.5561,6.5135,298.04,100.75,1.0051,5
35.8,55,0.0029037,11.611,1.5868,6.5144,298.05,102.12,1.0097,5
36.0,55,0.0028353,11.6,1.6184,6.5102,298.04,100.56,1.0144,5
36.2,55,0.003145,11.41,1.6462,6.5018,298.06,104.64,1.0192,5
36.4,55,0.0030788,11.412,1.6747,6.4924,298.05,102.15,1.0242,5
36.6,55,0.0029968,11.43,1.7046,6.4882,298.03,97.794,1.029,5
36.8,55,0.0029566,11.427,1.7352,6.4876,298.02,93.884,1.0338,5
37.0,55,0.0029725,11.413,1.7659,6.4902,298.01,90.962,1.0386,5
37.2,55,0.0029415,11.407,1.797,6.4958,298.0,89.778,1.0434,5
37.4,55,0.0029135,11.388,1.8287,6.5048,298.0,88.444,1.0481,5
37.6,55,0.0028853,11.351,1.8611,6.5113,298.0,87.952,1.0528,5
37.8,55,0.0028425,11.335,1.8942,6.5146,297.99,85.099,1.0575,5
38.0,55,0.0027706,11.315,1.9283,6.5157,297.98,82.612,1.0622,5
38.2,55,0.0027508,11.264,1.9629,6.5129,297.99,84.671,1.0668,5
38.4,55,0.0027513,11.213,1.9976,6.5057,297.99,86.798,1.0715,5
38.6,55,0.0027179,11.197,2.0329,6.4962,298.0,89.441,1.0761,5
38.8,55,0.0026455,11.207,2.0688,6.4881,298.0,89.031,1.0806,5
39.0,55,0.0026818,11.158,2.1043,6.4844,298.01,90.213,1.0852,5
39.2,55,0.0027204,11.112,2.1395,6.4827,298.01,90.723,1.0898,5
39.4,55,0.0027721,11.073,2.1742,6.4851,298.01,91.59,1.0945,5
39.6,55,0.0027689,11.068,2.2089,6.4921,298.01,91.672,1.0992,5
39.8,55,0.0027703,11.054,2.2437,6.5022,298.01,91.097,1.1039,5
40.0,55,0.0027016,11.077,2.2795,6.5112,298.02,92.924,1.1086,5
40.2,60,0.0029511,12.707,2.3121,6.5176,298.02,95.31,1.0281,5
40.4,60,0.002873,12.72,2.3459,6.5205,298.04,98.636,1.0283,5
40.6,60,0.0028577,12.683,2.3802,6.5179,298.04,100.04,1.0326,5
40.8,60,0.0028453,12.658,2.4148,6.5118,298.05,103.51,1.0371,5
41.0,60,0.0028041,12.656,2.4501,6.5011,298.06,106.94,1.0415,5
41.2,60,0.0027858,12.64,2.486,6.4895,298.08,111.38,1.0459,5
41.4,60,0.0027384,12.626,2.5229,6.4849,298.08,111.33,1.0504,5
41.6,60,0.0027348,12.612,2.56,6.4864,298.07,107.06,1.0548,5
41.8,60,0.0027651,12.576,2.5966,6.4933,298.05,102.79,1.0592,5
42.0,60,0.0027544,12.55,2.6335,6.5002,298.04,99.581,1.0637,5
42.2,60,0.0027043,12.556,2.6713,6.5072,298.03,97.817,1.0681,5
42.4,60,0.0027116,12.509,2.7091,6.5122,298.04,100.46,1.0725,5
42.6,60,0.0027454,12.436,2.7467,6.5129,298.05,102.34,1.0769,5
42.8,60,0.0027488,12.404,2.7844,6.5104,298.05,102.99,1.0814,5
43.0,60,0.0027455,12.368,2.8221,6.5043,298.05,101.58,1.0859,5
43.2,60,0.0027615,12.332,2.8598,6.4999,298.05,103.66,1.0904,5
43.4,60,0.0027998,12.292,2.8969,6.4969,298.04,101.1,1.095,5
43.6,60,0.0027828,12.286,2.9343,6.4947,298.05,102.23,1.0995,5
43.8,60,0.0027941,12.26,2.9714,6.4948,298.05,102.69,1.104,5
44.0,60,0.0027395,12.271,3.0094,6.4959,298.05,101.39,1.1085,5
44.2,60,0.0032107,11.954,3.0401,6.4986,298.06,106.77,1.1134,5
44.4,60,0.0031262,11.958,3.0719,6.4992,298.08,111.1,1.1184,5
44.6,60,0.0031895,11.91,3.1025,6.5009,298.08,111.1,1.1235,5
44.8,60,0.0031742,11.9,3.1335,6.5017,298.08,111.68,1.1286,5
45.0,60,0.0032146,11.845,3.164,6.503,298.09,113.52,1.1337,5
45.2,60,0.0031816,11.824,3.1952,6.5035,298.08,112.43,1.1388,5
45.4,60,0.0031184,11.798,3.2277,6.5038,298.08,112.12,1.1438,5
45.6,60,0.0032235,11.693,3.2584,6.5038,298.07,109.56,1.149,5
45.8,60,0.003252,11.649,3.2885,6.5026,298.07,108.03,1.1542,5
46.0,60,0.0031562,11.679,3.3204,6.5007,298.06,104.19,1.1594,5
46.2,60,0.0030685,11.673,3.3539,6.4978,298.04,100.89,1.1645,5
46.4,60,0.0031149,11.628,3.3869,6.4951,298.04,98.452,1.1696,5
46.6,60,0.0029961,11.664,3.4219,6.4939,298.02,95.197,1.1746,5
46.8,60,0.0029996,11.642,3.4568,6.4938,298.02,93.962,1.1796,5
47.0,60,0.0029008,11.674,3.4935,6.4956,298.02,94.837,1.1845,5
47.2,60,0.0028958,11.63,3.5304,6.4979,298.03,96.58,1.1894,5
47.4,60,0.0028931,11.588,3.5675,6.5008,298.04,99.131,1.1944,5
47.6,60,0.0028896,11.563,3.6047,6.5028,298.04,101.22,1.1993,5
47.8,60,0.0027589,11.611,3.6436,6.5063,298.03,97.421,1.2041,5
48.0,60,0.0027411,11.583,3.6833,6.5083,298.02,94.865,1.2089,5
48.2,60,0.0029928,11.374,3.7193,6.5069,298.01,92.571,1.2139,5
48.4,60,0.0029326,11.376,3.7561,6.5035,298.01,90.871,1.219,5
48.6,60,0.0028811,11.394,3.7942,6.5013,297.99,85.91,1.224,5
48.8,60,0.0028486,11.377,3.8335,6.5,297.98,82.901,1.229,5
49.0,60,0.0028384,11.34,3.8732,6.4986,297.99,84.317,1.2339,5
49.2,60,0.0027902,11.322,3.9137,6.4976,297.98,82.119,1.2389,5
49.4,60,0.0027674,11.307,3.9547,6.4976,297.96,75.778,1.2438,5
49.6,60,0.0027286,11.329,3.9964,6.4991,297.95,72.602,1.2486,5
49.8,60,0.0027167,11.322,4.0385,6.5012,298.61,265.83,1.2534,5
50.0,60,0.0027648,11.228,4.0797,6.5039,298.5,233.57,1.2582,5
50.2,60,0.0026858,12.737,4.1154,6.5025,298.251,160.32,1.263,5
50.4,60,0.0026847,12.744,4.1513,6.5017,298.072,109.27,1.2678,5
50.6,60,0.0026551,12.769,4.1874,6.5014,297.973,80.037,1.2725,5
50.8,60,0.0026821,12.742,4.2231,6.5008,297.91400000000004,60.4,1.2772,5
51.0,60,0.002734,12.714,4.2583,6.5002,298.325,180.68,1.282,5
51.2,60,0.0027107,12.719,4.2937,6.4988,298.20599999999996,147.21,1.2869,5
51.4,60,0.0026688,12.746,4.3299,6.4985,298.097,112.72,1.2917,5
51.6,60,0.0026566,12.769,4.3662,6.4983,298.008,88.662,1.2965,5
51.8,60,0.0026591,12.765,4.4024,6.498,297.959,72.496,1.3013,5
52.0,60,0.0027214,12.738,4.4375,6.4977,298.27,163.95,1.3061,5
52.2,60,0.0029789,12.561,4.4684,6.4965,298.201,142.83,1.3112,5
52.4,60,0.003001,12.536,4.4986,6.4948,298.132,121.63,1.3165,5
52.6,60,0.0029041,12.594,4.5309,6.4936,298.073,105.06,1.3217,5
52.8,60,0.0028284,12.668,4.5645,6.4948,298.034,94.135,1.3268,5
53.0,60,0.0028335,12.686,4.5982,6.4958,298.015,87.073,1.3319,5
53.2,60,0.0027891,12.697,4.6325,6.4971,297.99600000000004,82.031,1.337,5
53.4,60,0.0028283,12.665,4.6666,6.498,297.987,78.698,1.342,5
53.6,60,0.0028609,12.657,4.7004,6.4987,297.988,78.44,1.3472,5
53.8,60,0.0028313,12.684,4.7345,6.4999,297.98900000000003,79.18,1.3524,5
54.0,60,0.0028099,12.683,4.7692,6.5008,298.0,80.394,1.3576,5
54.2,60,0.0028468,12.667,4.8034,6.5017,298.00100000000003,82.168,1.3628,5
54.4,60,0.0027642,12.717,4.839,6.5026,298.002,81.917,1.368,5
54.6,60,0.0027354,12.744,4.8749,6.5027,298.00300000000004,82.045,1.3731,5
54.8,60,0.0027255,12.77,4.9111,6.5019,298.014,83.581,1.3783,5
55.0,60,0.0026581,12.813,4.948,6.5005,298.015,83.275,1.3833,5
55.2,60,0.0026264,12.828,4.9854,6.5005,298.00600000000003,82.52,1.3883,5
55.4,60,0.0026558,12.819,5.0226,6.5006,298.007,82.617,1.3934,5
55.6,60,0.0026715,12.814,5.0598,6.5,298.01800000000003,83.4,1.3985,5
55.8,60,0.0026815,12.849,5.0973,6.4999,298.019,84.947,1.4036,5
56.0,60,0.0026083,12.909,5.1359,6.4994,298.02,84.438,1.4086,5
56.2,60,0.0030177,12.642,5.1675,6.4973,298.041,90.582,1.414,5
56.4,60,0.0029881,12.672,5.1994,6.4956,298.05199999999996,94.87,1.4195,5
56.6,60,0.0029088,12.744,5.2328,6.4931,298.063,96.166,1.4251,5
56.8,60,0.0028939,12.761,5.2666,6.4914,298.06399999999996,96.429,1.4305,5
57.0,60,0.0028378,12.821,5.3014,6.4919,298.065,96.068,1.436,5
57.2,60,0.0027874,12.855,5.337,6.4945,298.056,94.266,1.4413,5
57.4,60,0.0027159,12.899,5.3736,6.4979,298.04699999999997,91.609,1.4466,5
57.6,60,0.0026813,12.921,5.4108,6.5012,298.048,90.289,1.4519,5
57.8,60,0.0025999,12.992,5.4493,6.5047,298.039,87.116,1.457,5
58.0,60,0.0025778,13.006,5.4882,6.5077,298.03000000000003,84.696,1.4621,5
58.2,60,0.0024947,13.054,5.5284,6.5105,298.021,81.748,1.4672,5
58.4,60,0.0024623,13.078,5.5691,6.5128,298.022,80.248,1.4722,5
58.6,60,0.0023757,13.154,5.6108,6.5154,298.01300000000003,77.646,1.477,5
58.8,60,0.0023384,13.172,5.6532,6.517,298.00399999999996,75.274,1.4818,5
59.0,60,0.0023546,13.161,5.6954,6.5171,298.005,75.198,1.4866,5
59.2,60,0.0023556,13.159,5.7375,6.5155,298.006,75.414,1.4914,5
59.4,60,0.0023002,13.217,5.7804,6.5145,298.007,74.479,1.4961,5
59.6,60,0.0022717,13.231,5.8232,6.5122,298.008,74.651,1.5008,5
59.8,60,0.0022174,13.268,5.8665,6.5091,298.00899999999996,74.254,1.5054,5
60.0,60,0.0021941,13.293,5.9097,6.5054,298.01,74.214,1.51,5
60.2,60,0.0022649,13.255,5.9521,6.5007,298.021,76.271,1.5147,5
60.4,60,0.0021802,13.305,5.995,6.4972,298.02200000000005,76.832,1.5193,5
60.6,60,0.0021473,13.342,6.0379,6.4942,298.023,77.162,1.5238,5
60.8,60,0.0021208,13.371,6.0806,6.4927,298.024,76.889,1.5284,5
61.0,60,0.0021456,13.372,6.1234,6.4933,298.02500000000003,77.336,1.5329,5
61.2,60,0.0021424,13.367,6.1661,6.4953,298.026,77.077,1.5374,5
61.4,60,0.0021539,13.366,6.2086,6.4979,298.02700000000004,77.551,1.542,5
61.6,60,0.0021477,13.386,6.251,6.4996,298.028,78.801,1.5466,5
61.8,60,0.0021767,13.397,6.2929,6.5017,298.03900000000004,80.613,1.5511,5
62.0,60,0.0021973,13.383,6.3351,6.5037,298.04,82.715,1.5558,5
62.2,60,0.0022141,13.388,6.3771,6.5048,298.051,85.197,1.5605,5
62.4,60,0.0022326,13.348,6.4192,6.5037,298.062,87.807,1.5652,5
62.6,60,0.0021626,13.423,6.462,6.5028,298.063,88.444,1.5699,5
62.8,60,0.0021429,13.454,6.5051,6.5017,298.064,88.738,1.5745,5
63.0,60,0.0020973,13.533,6.548,6.5015,298.065,87.385,1.5791,5
63.2,60,0.002076,13.558,6.5908,6.5009,298.066,86.572,1.5837,5
63.4,60,0.0020255,13.608,6.6336,6.5006,298.057,85.443,1.5882,5
63.6,60,0.0020045,13.644,6.6767,6.5005,298.058,84.519,1.5926,5
63.8,60,0.0019814,13.658,6.7196,6.5011,298.059,84.14,1.597,5
64.0,60,0.0019775,13.683,6.7624,6.5022,298.06,83.736,1.6014,5
64.2,60,0.0021099,13.585,6.8049,6.5003,298.071,86.658,1.606,5
64.4,60,0.0021072,13.612,6.8474,6.4994,298.072,88.995,1.6106,5
64.6,60,0.0020857,13.644,6.89,6.4986,298.08299999999997,90.18,1.6152,5
64.8,60,0.0021167,13.637,6.9322,6.4982,298.084,91.37,1.6199,5
65.0,60,0.002082,13.683,6.9745,6.4976,298.085,91.306,1.6246,5
65.2,60,0.0020595,13.726,7.017,6.4969,298.086,90.602,1.6292,5
65.4,60,0.0020425,13.757,7.0599,6.4963,298.077,89.012,1.6338,5
65.6,60,0.0020278,13.796,7.103,6.4974,298.078,86.544,1.6384,5
65.8,60,0.0020144,13.806,7.146,6.4969,298.069,84.545,1.6429,5
66.0,60,0.002041,13.771,7.1891,6.4975,298.07,84.241,1.6475,5
66.2,60,0.0019611,13.867,7.2323,6.4997,298.06100000000004,81.813,1.652,5
66.4,60,0.0019578,13.883,7.2758,6.5029,298.062,79.851,1.6565,5
66.6,60,0.0019174,13.918,7.3192,6.5068,298.05300000000005,77.809,1.6609,5
66.8,60,0.0019253,13.937,7.3626,6.51,298.05400000000003,76.982,1.6653,5
67.0,60,0.0019017,13.955,7.4059,6.5121,298.055,76.315,1.6697,5
67.2,60,0.001915,13.938,7.449,6.512,298.05600000000004,77.413,1.6741,5
67.4,60,0.001873,13.97,7.4923,6.5103,298.057,78.21,1.6784,5
67.6,60,0.0018688,13.998,7.5354,6.5061,298.05800000000005,78.276,1.6827,5
67.8,60,0.0018736,13.992,7.5787,6.502,298.069,79.248,1.6871,5
68.0,60,0.0018879,13.996,7.6223,6.4981,298.07,80.588,1.6915,5
68.2,60,0.0019714,13.95,7.666,6.495,298.081,83.274,1.6959,5
68.4,60,0.0020212,13.929,7.7095,6.493,298.082,86.024,1.7006,5
68.6,60,0.0020221,13.944,7.753,6.4934,298.093,87.941,1.7052,5
68.8,60,0.0019474,14.047,7.7965,6.496,298.094,86.684,1.7098,5
69.0,60,0.0019315,14.083,7.8399,6.4988,298.08500000000004,85.366,1.7144,5
69.2,60,0.0018873,14.139,7.8837,6.5017,298.086,83.669,1.7188,5
69.4,60,0.0018318,14.223,7.9274,6.5055,298.077,80.998,1.7232,5
69.6,60,0.0018137,14.243,7.9715,6.5084,298.07800000000003,79.159,1.7275,5
69.8,60,0.0017975,14.279,8.0158,6.5105,298.069,77.795,1.7318,5
70.0,60,0.0017761,14.297,8.0596,6.511,298.07000000000005,76.612,1.736,5
70.2,60,0.0017627,14.331,8.1033,6.5103,298.071,76.423,1.7402,5
70.4,60,0.0017517,14.363,8.1471,6.5081,298.072,76.692,1.7444,5
70.6,60,0.0017611,14.377,8.1909,6.5048,298.07300000000004,77.474,1.7486,5
70.8,60,0.001743,14.392,8.2345,6.5013,298.074,78.618,1.7527,5
71.0,60,0.0017438,14.412,8.2785,6.4981,298.08500000000004,80.424,1.7569,5
71.2,60,0.0017627,14.399,8.3223,6.4959,298.086,82.477,1.7612,5
71.4,60,0.0017717,14.422,8.366,6.4951,298.09700000000004,84.174,1.7654,5
71.6,60,0.0018077,14.42,8.4095,6.4952,298.098,86.248,1.7698,5
71.8,60,0.0017912,14.454,8.4528,6.4964,298.109,86.882,1.7741,5
72.0,60,0.0018072,14.473,8.4962,6.4977,298.11,87.65,1.7785,5
72.2,60,0.001908,14.395,8.5399,6.497,298.121,91.771,1.783,5
72.4,60,0.0018606,14.463,8.5834,6.4978,298.122,93.115,1.7876,5
72.6,60,0.0018477,14.515,8.627,6.4998,298.123,92.922,1.7921,5
72.8,60,0.0018695,14.522,8.6707,6.5011,298.12399999999997,93.286,1.7967,5
73.0,60,0.0017955,14.615,8.7141,6.5022,298.125,91.457,1.8011,5
73.2,60,0.0017596,14.674,8.7571,6.5038,298.116,89.161,1.8055,5
73.4,60,0.001813,14.64,8.7999,6.5056,298.117,88.715,1.8099,5
73.6,60,0.0017656,14.677,8.8427,6.5082,298.118,87.419,1.8143,5
73.8,60,0.0017983,14.661,8.886,6.5088,298.119,87.825,1.8188,5
74.0,60,0.0017812,14.682,8.9292,6.5075,298.12,87.871,1.8232,5
74.2,60,0.0017799,14.694,8.9722,6.5049,298.121,87.231,1.8276,5
74.4,60,0.0017442,14.749,9.0151,6.5006,298.112,85.913,1.8319,5
74.6,60,0.0017653,14.724,9.0581,6.4954,298.123,86.523,1.8363,5
74.8,60,0.0017353,14.767,9.1008,6.4926,298.11400000000003,86.172,1.8407,5
75.0,60,0.0017889,14.756,9.1436,6.4912,298.125,86.962,1.8451,5
75.2,60,0.0017001,13.966,9.195,6.4954,298.20599999999996,117.34,1.8494,5
75.4,60,0.0016831,13.954,9.2462,6.5002,298.257,136.43,1.8537,5
75.6,60,0.0016774,13.928,9.2973,6.5055,298.288,147.04,1.8579,5
75.8,60,0.0016635,13.924,9.3482,6.5096,298.309,152.35,1.8622,5
76.0,60,0.0016235,13.948,9.3992,6.5135,298.3,150.06,1.8663,5
76.2,60,0.0022524,13.425,9.4507,6.5051,298.33099999999996,161.87,1.8712,5
76.4,60,0.0021975,13.436,9.5024,6.4975,298.342,166.36,1.8765,5
76.6,60,0.0021647,13.446,9.5544,6.4923,298.34299999999996,165.11,1.8818,5
76.8,60,0.0021653,13.425,9.6065,6.4895,298.334,162.09,1.8871,5
77.0,60,0.0022652,13.336,9.6581,6.4868,298.325,159.64,1.8925,5
77.2,60,0.0022827,13.295,9.7097,6.4861,298.31600000000003,153.89,1.898,5
77.4,60,0.0022698,13.296,9.7614,6.4868,298.297,146.02,1.9035,5
77.6,60,0.0023163,13.237,9.8128,6.4886,298.27799999999996,140.11,1.9091,5
77.8,60,0.0022266,13.293,9.8647,6.4921,298.249,129.01,1.9147,5
78.0,60,0.0021785,13.308,9.9171,6.4949,298.21999999999997,117.49,1.9201,5
78.2,60,0.0021133,13.326,9.9705,6.4987,298.19100000000003,107.27,1.9253,5
78.4,60,0.002085,13.347,10.024,6.5016,298.182,100.37,1.9305,5
78.6,60,0.0020556,13.323,10.078,6.5039,298.16299999999995,95.844,1.9357,5
78.8,60,0.002032,13.305,10.132,6.5054,298.154,92.172,1.9408,5
79.0,60,0.0019794,13.329,10.186,6.5073,298.145,86.793,1.9459,5
79.2,60,0.0019831,13.299,10.241,6.5085,298.136,85.128,1.9509,5
79.4,60,0.0019839,13.275,10.295,6.5091,298.147,85.695,1.9559,5
79.6,60,0.0019983,13.208,10.35,6.5089,298.148,87.033,1.961,5
79.8,60,0.0019941,13.154,10.404,6.5074,298.159,89.855,1.9661,5
80.0,60,0.0019648,13.144,10.459,6.5044,298.15999999999997,90.25,1.9712,5
80.2,60,0.0012312,13.935,10.507,6.516,298.101,68.825,1.9752,5
80.4,60,0.0012293,13.911,10.554,6.525,298.062,54.378,1.9786,5
80.6,60,0.001198,13.929,10.602,6.5299,298.353,162.66,1.9819,5
80.8,60,0.0011665,13.915,10.648,6.5279,298.294,141.2,1.9852,5
81.0,60,0.0011427,13.883,10.695,6.5192,298.23499999999996,116.8,1.9884,5
81.2,60,0.0011315,13.864,10.741,6.5043,298.186,99.371,1.9916,5
81.4,60,0.0011167,13.861,10.788,6.4901,298.157,87.128,1.9947,5
81.6,60,0.0011147,13.853,10.834,6.4804,298.13800000000003,79.29,1.9978,5
81.8,60,0.0011227,13.857,10.879,6.4776,298.11899999999997,73.964,2.001,5
82.0,60,0.0011361,13.834,10.925,6.4811,298.12,70.752,2.0041,5
82.2,60,0.0011422,13.831,10.97,6.4896,298.111,68.113,2.0073,5
82.4,60,0.0011318,13.851,11.015,6.4992,298.30199999999996,138.3,2.0105,5
82.6,60,0.0010843,13.9,11.059,6.5107,298.26300000000003,126.72,2.0136,5
82.8,60,0.0010551,13.937,11.103,6.5205,298.224,109.16,2.0166,5
83.0,60,0.0010369,13.911,11.146,6.5236,298.195,97.106,2.0196,5
83.2,60,0.0010219,13.888,11.189,6.5213,298.166,88.05,2.0225,5
83.4,60,0.0010361,13.83,11.233,6.512,298.157,83.139,2.0254,5
83.6,60,0.0010641,13.752,11.277,6.4972,298.158,82.072,2.0284,5
83.8,60,0.0010818,13.7,11.321,6.4824,298.159,81.673,2.0314,5
84.0,60,0.0011158,13.649,11.366,6.4745,298.16,82.331,2.0346,5
84.2,60,0.0011265,13.617,11.411,6.4752,298.161,82.178,2.0378,5
84.4,60,0.0011458,13.607,11.456,6.4827,298.16200000000003,82.656,2.041,5
84.6,60,0.0011449,13.61,11.5,6.4932,298.163,83.184,2.0443,5
84.8,60,0.0011502,13.595,11.545,6.5031,298.164,83.349,2.0475,5
85.0,60,0.001167,13.564,11.59,6.5116,298.165,83.424,2.0508,5
85.2,60,0.0011769,13.55,11.635,6.5177,298.166,83.386,2.0541,5
85.4,60,0.0011922,13.486,11.68,6.52,298.16700000000003,84.678,2.0574,5
85.6,60,0.0011966,13.44,11.726,6.5163,298.178,86.264,2.0607,5
85.8,60,0.0011828,13.432,11.771,6.5107,298.179,87.225,2.0641,5
86.0,60,0.0011779,13.409,11.817,6.5027,298.18,88.839,2.0674,5
86.2,60,0.0011584,13.426,11.862,6.4963,298.191,89.291,2.0707,5
86.4,60,0.0011392,13.446,11.906,6.4924,298.182,87.348,2.0739,5
86.6,60,0.0011394,13.443,11.951,6.4899,298.183,85.715,2.0771,5
86.8,60,0.0011235,13.454,11.995,6.4906,298.17400000000004,83.255,2.0802,5
87.0,60,0.001109,13.462,12.038,6.4953,298.165,80.401,2.0834,5
87.2,60,0.0011108,13.433,12.082,6.5027,298.166,79.251,2.0865,5
87.4,60,0.0011179,13.426,12.125,6.5093,298.16700000000003,78.756,2.0896,5
87.6,60,0.0010839,13.445,12.168,6.5153,298.158,77.521,2.0927,5
87.8,60,0.0010593,13.463,12.211,6.5176,298.15900000000005,77.574,2.0957,5
88.0,60,0.001094,13.398,12.255,6.5134,298.17,80.134,2.0987,5
88.2,60,0.0010844,13.374,12.299,6.5049,298.181,81.747,2.1018,5
88.4,60,0.0010649,13.395,12.342,6.4974,298.182,82.214,2.1047,5
88.6,60,0.0010806,13.366,12.386,6.4915,298.183,83.484,2.1078,5
88.8,60,0.0010758,13.358,12.43,6.4898,298.184,84.187,2.1108,5
89.0,60,0.0010794,13.355,12.474,6.4896,298.185,84.189,2.1138,5
89.2,60,0.0010514,13.404,12.517,6.494,298.18600000000004,82.856,2.1167,5
89.4,60,0.0010338,13.404,12.559,6.4998,298.177,81.37,2.1197,5
89.6,60,0.0010552,13.37,12.602,6.5061,298.188,81.551,2.1226,5
89.8,60,0.0010861,13.323,12.645,6.5112,298.189,83.834,2.1256,5
90.0,60,0.0010852,13.304,12.688,6.5126,298.2,85.416,2.1286,5
90.2,75,0.0010996,13.728,12.732,6.5105,298.201,87.215,1.7371,5
90.4,75,0.0011006,13.71,12.776,6.5066,298.202,88.479,1.7161,5
90.6,75,0.001102,13.695,12.82,6.5013,298.21299999999997,89.637,1.7171,5
90.8,75,0.0010894,13.706,12.864,6.4948,298.204,88.826,1.7194,5
91.0,75,0.0010905,13.703,12.908,6.4886,298.205,88.224,1.7218,5
91.2,75,0.0010543,13.765,12.95,6.4888,298.206,85.4,1.7241,5
91.4,75,0.0010403,13.793,12.993,6.4923,298.197,82.981,1.7265,5
91.6,75,0.0010452,13.78,13.034,6.4969,298.18800000000005,81.07,1.7287,5
91.8,75,0.00099309,13.85,13.075,6.5039,298.17900000000003,77.561,1.7309,5
92.0,75,0.00097717,13.849,13.115,6.5122,298.18,75.676,1.7331,5
92.2,75,0.00092099,13.89,13.154,6.5196,298.171,73.257,1.7352,5
92.4,75,0.00092995,13.843,13.194,6.5211,298.17199999999997,73.573,1.7372,5
92.6,75,0.00091846,13.813,13.234,6.517,298.18300000000005,74.733,1.7393,5
92.8,75,0.00090158,13.817,13.273,6.5067,298.184,75.729,1.7413,5
93.0,75,0.00091071,13.783,13.312,6.4951,298.185,77.395,1.7433,5
93.2,75,0.00091961,13.758,13.352,6.4868,298.196,79.111,1.7453,5
93.4,75,0.0008988,13.781,13.391,6.4841,298.197,79.377,1.7473,5
93.6,75,0.00089605,13.798,13.43,6.4884,298.19800000000004,79.161,1.7493,5
93.8,75,0.00088638,13.819,13.468,6.4964,298.199,78.866,1.7513,5
94.0,75,0.00088023,13.816,13.507,6.506,298.20000000000005,78.591,1.7533,5
94.2,75,0.00086212,13.815,13.545,6.5157,298.201,78.202,1.7552,5
94.4,75,0.00084198,13.816,13.584,6.5209,298.202,77.954,1.757,5
94.6,75,0.00082863,13.803,13.622,6.5204,298.20300000000003,78.118,1.7589,5
94.8,75,0.00085203,13.712,13.661,6.5131,298.204,80.283,1.7607,5
95.0,75,0.00084894,13.672,13.699,6.5021,298.21500000000003,82.087,1.7626,5
95.2,75,0.0008479,13.649,13.738,6.4923,298.216,83.588,1.7644,5
95.4,75,0.000861,13.617,13.777,6.4869,298.217,84.895,1.7663,5
95.6,75,0.00085702,13.614,13.816,6.4887,298.218,85.228,1.7682,5
95.8,75,0.00086115,13.618,13.855,6.4942,298.219,85.119,1.7701,5
96.0,75,0.00085456,13.639,13.894,6.5025,298.22,84.956,1.7719,5
96.2,75,0.00086639,13.615,13.932,6.5099,298.221,85.346,1.7738,5
96.4,75,0.00089201,13.551,13.972,6.514,298.232,86.93,1.7757,5
96.6,75,0.00087644,13.563,14.011,6.5134,298.233,87.531,1.7777,5
96.8,75,0.00086129,13.561,14.049,6.5095,298.234,88.053,1.7795,5
97.0,75,0.00088247,13.511,14.089,6.5023,298.245,89.562,1.7814,5
97.2,75,0.00086692,13.536,14.127,6.4962,298.246,89.485,1.7833,5
97.4,75,0.0008732,13.51,14.166,6.4923,298.237,89.041,1.7852,5
97.6,75,0.00084886,13.548,14.204,6.4922,298.238,87.312,1.7871,5
97.8,75,0.00081185,13.612,14.241,6.4967,298.229,84.468,1.7889,5
98.0,75,0.0008139,13.588,14.278,6.5029,298.23,82.744,1.7907,5
98.2,75,0.00081324,13.589,14.315,6.5078,298.231,81.982,1.7924,5
98.4,75,0.00081185,13.582,14.352,6.5101,298.232,81.802,1.7942,5
98.6,75,0.0008115,13.573,14.389,6.5091,298.233,82.164,1.7959,5
98.8,75,0.00083282,13.515,14.427,6.5036,298.23400000000004,83.844,1.7977,5
99.0,75,0.00083902,13.498,14.465,6.4984,298.235,85.358,1.7995,5
99.2,75,0.00082292,13.511,14.502,6.4953,298.246,85.557,1.8013,5
99.4,75,0.00082321,13.516,14.54,6.4951,298.247,85.721,1.803,5
99.6,75,0.00081291,13.521,14.576,6.4997,298.238,85.148,1.8048,5
99.8,75,0.00084635,13.461,14.614,6.5061,298.249,86.001,1.8066,5
100.0,75,0.00083989,13.44,14.651,6.5097,298.25,86.356,1.8083,5
100.2,75,0.00086282,12.562,14.69,6.537,298.251,87.424,1.8003,5
100.4,75,0.00089745,12.451,14.73,6.5435,298.262,90.778,1.7874,5
100.6,75,0.00091102,12.366,14.77,6.5241,298.27299999999997,94.511,1.7743,5
100.8,75,0.00091464,12.332,14.812,6.4937,298.284,97.197,1.7611,5
101.0,75,0.00089811,12.347,14.852,6.4704,298.275,96.973,1.7479,5
101.2,75,0.00091154,12.36,14.893,6.4656,298.27599999999995,95.373,1.7347,5
101.4,75,0.00092741,12.371,14.933,6.4783,298.267,92.985,1.7215,5
101.6,75,0.00096861,12.319,14.974,6.5002,298.268,91.735,1.7083,5
101.8,75,0.00096342,12.312,15.015,6.524,298.269,90.367,1.6951,5
102.0,75,0.00099973,12.239,15.058,6.5368,298.27,91.503,1.682,5
102.2,75,0.0009917,12.182,15.101,6.5006,298.271,93.076,1.6791,5
102.4,75,0.00097989,12.187,15.143,6.4692,298.272,92.805,1.6807,5
102.6,75,0.00098883,12.183,15.185,6.4571,298.27299999999997,92.057,1.6826,5
102.8,75,0.0010094,12.197,15.227,6.4653,298.274,90.538,1.6845,5
103.0,75,0.0010041,12.226,15.268,6.4831,298.265,87.872,1.6864,5
103.2,75,0.0010049,12.245,15.309,6.5025,298.25600000000003,85.737,1.6883,5
103.4,75,0.0010227,12.226,15.35,6.5189,298.257,85.376,1.6903,5
103.6,75,0.0010406,12.156,15.392,6.5308,298.268,86.763,1.6922,5
103.8,75,0.0010438,12.105,15.435,6.5336,298.269,89.118,1.6942,5
104.0,75,0.0010067,12.083,15.477,6.5244,298.28,90.29,1.6961,5
104.2,75,0.0010181,12.024,15.521,6.5051,298.281,92.239,1.698,5
104.4,75,0.0010197,11.991,15.564,6.4846,298.292,93.652,1.7,5
104.6,75,0.0010388,11.963,15.609,6.4736,298.293,94.362,1.7019,5
104.8,75,0.0010312,11.986,15.652,6.4756,298.294,93.815,1.7039,5
105.0,75,0.0010488,11.979,15.696,6.4873,298.28499999999997,92.839,1.7058,5
105.2,75,0.0010333,12.014,15.739,6.5008,298.286,90.894,1.7078,5
105.4,75,0.0010337,12.008,15.782,6.513,298.277,89.396,1.7097,5
105.6,75,0.001042,11.964,15.826,6.5205,298.278,89.441,1.7117,5
105.8,75,0.0010639,11.891,15.87,6.5218,298.289,91.275,1.7137,5
106.0,75,0.00106,11.875,15.915,6.5139,298.28999999999996,92.921,1.7157,5
106.2,75,0.001081,11.807,15.961,6.5013,298.301,95.683,1.7178,5
106.4,75,0.0010789,11.81,16.007,6.4897,298.31199999999995,97.393,1.7198,5
106.6,75,0.0010872,11.816,16.052,6.4824,298.313,97.664,1.7219,5
106.8,75,0.0011011,11.792,16.098,6.4817,298.304,96.956,1.724,5
107.0,75,0.0011071,11.789,16.143,6.4874,298.305,96.363,1.7261,5
107.2,75,0.0011049,11.798,16.188,6.4966,298.306,94.85,1.7282,5
107.4,75,0.001089,11.823,16.233,6.5065,298.29699999999997,92.864,1.7302,5
107.6,75,0.0010825,11.811,16.277,6.5147,298.298,91.234,1.7323,5
107.8,75,0.0010638,11.812,16.32,6.5195,298.289,89.578,1.7343,5
108.0,75,0.001043,11.805,16.363,6.5175,298.29,87.838,1.7363,5
108.2,75,0.0010469,11.774,16.406,6.5075,298.291,87.494,1.7383,5
108.4,75,0.001059,11.729,16.45,6.4944,298.292,88.25,1.7403,5
108.6,75,0.0010367,11.756,16.493,6.4853,298.293,87.458,1.7423,5
108.8,75,0.0010304,11.786,16.536,6.4816,298.284,85.775,1.7443,5
109.0,75,0.0010504,11.769,16.58,6.4833,298.285,85.257,1.7462,5
109.2,75,0.0010712,11.743,16.623,6.4904,298.286,85.538,1.7483,5
109.4,75,0.0010693,11.755,16.666,6.5009,298.28700000000003,85.101,1.7503,5
109.6,75,0.0010746,11.733,16.709,6.5111,298.288,85.369,1.7524,5
109.8,75,0.0010926,11.681,16.753,6.5186,298.299,86.331,1.7544,5
110.0,75,0.0011304,11.598,16.798,6.5185,298.3,88.698,1.7565,5
110.2,75,0.0011163,11.577,16.843,6.5126,298.311,91.146,1.7587,5
110.4,75,0.0011133,11.567,16.888,6.5036,298.312,92.764,1.7608,5
110.6,75,0.0011147,11.544,16.933,6.4928,298.323,93.749,1.7629,5
110.8,75,0.0010981,11.571,16.977,6.4855,298.31399999999996,92.821,1.765,5
111.0,75,0.0010902,11.597,17.022,6.4872,298.315,91.126,1.7671,5
111.2,75,0.0011092,11.585,17.066,6.4936,298.316,89.781,1.7692,5
111.4,75,0.0010966,11.601,17.11,6.5014,298.307,88.72,1.7713,5
111.6,75,0.0011042,11.59,17.153,6.5083,298.308,88.276,1.7734,5
111.8,75,0.0011217,11.547,17.198,6.5122,298.309,88.713,1.7755,5
112.0,75,0.0011442,11.492,17.243,6.5129,298.32,90.871,1.7776,5
112.2,75,0.0011706,11.43,17.289,6.5082,298.32099999999997,93.0,1.7798,5
112.4,75,0.0011415,11.429,17.335,6.5012,298.332,94.374,1.782,5
112.6,75,0.0011259,11.429,17.38,6.4957,298.33299999999997,94.563,1.7841,5
112.8,75,0.0011357,11.421,17.425,6.4909,298.334,95.263,1.7862,5
113.0,75,0.0011156,11.46,17.471,6.4886,298.335,94.095,1.7883,5
113.2,75,0.0010996,11.488,17.515,6.4912,298.32599999999996,91.953,1.7904,5
113.4,75,0.00107,11.536,17.558,6.4967,298.317,88.499,1.7925,5
113.6,75,0.0010587,11.551,17.601,6.5035,298.308,85.518,1.7945,5
113.8,75,0.001077,11.508,17.645,6.5091,298.309,84.129,1.7965,5
114.0,75,0.0010743,11.482,17.689,6.5119,298.31,84.023,1.7985,5
114.2,75,0.0010802,11.452,17.734,6.511,298.31100000000004,84.69,1.8006,5
114.4,75,0.0010474,11.48,17.778,6.5082,298.312,83.899,1.8026,5
114.6,75,0.0010411,11.467,17.821,6.5034,298.313,83.141,1.8046,5
114.8,75,0.0010409,11.454,17.865,6.4983,298.314,83.295,1.8065,5
115.0,75,0.0010509,11.451,17.909,6.4979,298.315,84.123,1.8085,5
115.2,75,0.0010513,11.442,17.953,6.4984,298.31600000000003,85.067,1.8105,5
115.4,75,0.0010491,11.45,17.997,6.5004,298.317,85.402,1.8125,5
115.6,75,0.0010013,11.525,18.038,6.5035,298.318,83.507,1.8144,5
115.8,75,0.00099776,11.507,18.08,6.5053,298.309,82.006,1.8162,5
116.0,75,0.00098454,11.507,18.122,6.503,298.31,80.952,1.8181,5
116.2,75,0.00096987,11.514,18.163,6.501,298.31100000000004,80.0,1.8199,5
116.4,75,0.00096958,11.503,18.204,6.4981,298.312,79.854,1.8217,5
116.6,75,0.00096854,11.495,18.245,6.4961,298.31300000000005,79.509,1.8236,5
116.8,75,0.00096798,11.474,18.285,6.497,298.314,79.22,1.8254,5
117.0,75,0.00096422,11.464,18.325,6.5001,298.315,78.245,1.8272,5
117.2,75,0.00098637,11.414,18.366,6.5026,298.31600000000003,78.525,1.829,5
117.4,75,0.00099641,11.393,18.407,6.5051,298.317,79.533,1.8308,5
117.6,75,0.0009947,11.367,18.448,6.5071,298.31800000000004,80.405,1.8327,5
117.8,75,0.00097531,11.383,18.489,6.5073,298.319,80.713,1.8345,5
118.0,75,0.00096292,11.378,18.529,6.5057,298.32,81.25,1.8363,5
118.2,75,0.00096237,11.353,18.57,6.5036,298.321,81.885,1.8381,5
118.4,75,0.00097908,11.309,18.61,6.5017,298.332,83.239,1.8399,5
118.6,75,0.00098272,11.301,18.651,6.498,298.333,84.648,1.8418,5
118.8,75,0.00097887,11.299,18.692,6.4957,298.334,85.338,1.8436,5
119.0,75,0.00096551,11.317,18.733,6.4948,298.33500000000004,84.981,1.8454,5
119.2,75,0.0009834,11.294,18.773,6.494,298.336,85.182,1.8472,5
119.4,75,0.00099795,11.272,18.814,6.4943,298.337,85.748,1.8491,5
119.6,75,0.00097744,11.298,18.854,6.4975,298.338,85.225,1.8509,5
119.8,75,0.00099022,11.263,18.895,6.5018,298.339,85.257,1.8528,5
120.0,75,0.00096005,11.288,18.934,6.5068,298.34000000000003,84.301,1.8546,5
120.2,75,0.00098095,11.247,18.975,6.5095,298.341,84.701,1.8564,5
120.4,75,0.00098904,11.221,19.016,6.5086,298.342,85.628,1.8582,5
120.6,75,0.0009919,11.205,19.057,6.5055,298.353,86.494,1.86,5
120.8,75,0.0010139,11.154,19.099,6.5013,298.354,88.099,1.8619,5
121.0,75,0.00099763,11.146,19.141,6.4969,298.355,89.168,1.8638,5
121.2,75,0.0010153,11.109,19.183,6.4946,298.366,90.334,1.8656,5
121.4,75,0.0010264,11.085,19.224,6.4949,298.367,91.191,1.8675,5
121.6,75,0.0010321,11.07,19.267,6.4967,298.368,91.978,1.8694,5
121.8,75,0.0010566,11.039,19.309,6.5002,298.36899999999997,93.036,1.8713,5
122.0,75,0.001058,11.029,19.352,6.5036,298.37,93.239,1.8733,5
122.2,75,0.0010251,11.057,19.393,6.5066,298.371,91.794,1.8751,5
122.4,75,0.0010231,11.029,19.434,6.5069,298.372,90.949,1.877,5
122.6,75,0.001032,10.982,19.476,6.5057,298.373,90.067,1.8789,5
122.8,75,0.0010694,10.909,19.519,6.5025,298.37399999999997,90.828,1.8808,5
123.0,75,0.0010485,10.94,19.561,6.4992,298.375,90.24,1.8827,5
123.2,75,0.0010552,10.932,19.603,6.4971,298.366,89.75,1.8846,5
123.4,75,0.0010799,10.895,19.646,6.4956,298.377,90.732,1.8865,5
123.6,75,0.0010627,10.907,19.689,6.4969,298.378,90.337,1.8884,5
123.8,75,0.0010363,10.932,19.73,6.5006,298.369,88.677,1.8903,5
124.0,75,0.0010266,10.952,19.771,6.5038,298.37,86.992,1.8922,5
124.2,75,0.0010337,10.933,19.813,6.5053,298.371,86.093,1.894,5
124.4,75,0.0010527,10.887,19.855,6.504,298.372,86.436,1.8959,5
124.6,75,0.0010627,10.856,19.897,6.5023,298.373,86.962,1.8978,5
124.8,75,0.001036,10.892,19.939,6.5017,298.374,86.152,1.8996,5
125.0,75,0.0010292,10.89,19.98,6.5019,298.365,85.1,1.9014,5
125.2,75,0.0010335,10.869,20.021,6.5004,298.366,84.724,1.9033,5
125.4,75,0.001028,10.896,20.062,6.4999,298.367,83.799,1.9051,5
125.6,75,0.0010033,10.926,20.103,6.4997,298.368,82.657,1.9069,5
125.8,75,0.00099164,10.93,20.143,6.5,298.35900000000004,81.545,1.9086,5
126.0,75,0.00098617,10.923,20.184,6.5015,298.36,81.047,1.9103,5
126.2,75,0.00099507,10.907,20.225,6.5016,298.361,81.017,1.9121,5
126.4,75,0.00096773,10.944,20.265,6.5029,298.362,80.405,1.9138,5
126.6,75,0.0009345,10.976,20.304,6.5046,298.363,78.756,1.9155,5
126.8,75,0.00095021,10.92,20.344,6.5048,298.36400000000003,78.781,1.9171,5
127.0,75,0.00094125,10.923,20.383,6.5029,298.365,78.877,1.9187,5
127.2,75,0.00093052,10.945,20.423,6.5005,298.36600000000004,78.798,1.9204,5
127.4,75,0.00092893,10.947,20.463,6.4987,298.367,78.668,1.922,5
127.6,75,0.00094269,10.921,20.502,6.4982,298.368,79.112,1.9236,5
127.8,75,0.00093848,10.936,20.541,6.4978,298.369,79.164,1.9252,5
128.0,75,0.00094493,10.918,20.581,6.4978,298.37,79.599,1.9268,5
128.2,75,0.00093154,10.945,20.62,6.5001,298.37100000000004,79.398,1.9284,5
128.4,75,0.00094114,10.918,20.659,6.5025,298.372,79.932,1.9299,5
128.6,75,0.00094006,10.92,20.698,6.5039,298.373,80.553,1.9315,5
128.8,75,0.00094265,10.911,20.738,6.5039,298.374,81.389,1.9331,5
129.0,75,0.00095183,10.88,20.777,6.5022,298.385,82.478,1.9347,5
129.2,75,0.00094238,10.871,20.817,6.4983,298.386,83.124,1.9363,5
129.4,75,0.00092738,10.893,20.856,6.4947,298.387,82.886,1.9378,5
129.6,75,0.00092626,10.902,20.895,6.4924,298.38800000000003,82.471,1.9393,5
129.8,75,0.00090783,10.947,20.933,6.4917,298.379,80.997,1.9409,5
130.0,75,0.00089952,10.963,20.971,6.4938,298.38,78.825,1.9423,5
130.2,75,0.00090184,10.984,21.009,6.5248,298.37100000000004,75.778,1.9331,5
130.4,75,0.00091139,10.947,21.048,6.5506,298.36199999999997,73.657,1.9188,5
130.6,75,0.00093041,10.795,21.088,6.5487,298.37300000000005,74.879,1.9042,5
130.8,75,0.00089701,10.779,21.128,6.526,298.374,76.548,1.8895,5
131.0,75,0.00088736,10.755,21.168,6.4943,298.385,78.365,1.8747,5
131.2,75,0.00087589,10.773,21.208,6.4685,298.386,79.095,1.8599,5
131.4,75,0.00088694,10.793,21.247,6.4573,298.387,78.798,1.8451,5
131.6,75,0.00089171,10.847,21.286,6.4652,298.37800000000004,76.995,1.8303,5
131.8,75,0.00089653,10.911,21.324,6.4865,298.36899999999997,73.545,1.8155,5
132.0,75,0.00090984,10.915,21.361,6.514,298.36,69.593,1.8007,5
132.2,75,0.00092372,10.879,21.399,6.5097,298.361,66.867,1.797,5
132.4,75,0.00095015,10.811,21.438,6.5027,298.382,75.042,1.798,5
132.6,75,0.0009507,10.804,21.478,6.4949,298.373,73.068,1.7994,5
132.8,75,0.00093932,10.822,21.517,6.49,298.37399999999997,70.515,1.8008,5
133.0,75,0.00091124,10.882,21.555,6.4903,298.365,67.122,1.8022,5
133.2,75,0.00091699,10.883,21.593,6.4951,298.386,74.201,1.8035,5
133.4,75,0.00091954,10.884,21.631,6.5021,298.36699999999996,69.909,1.8049,5
133.6,75,0.00093045,10.86,21.669,6.5068,298.358,66.324,1.8062,5
133.8,75,0.00095559,10.819,21.707,6.5086,298.37899999999996,73.933,1.8076,5
134.0,75,0.00095213,10.809,21.746,6.5064,298.38,71.002,1.809,5
134.2,75,0.00094701,10.802,21.785,6.5033,298.371,68.354,1.8104,5
134.4,75,0.0009251,10.824,21.823,6.5007,298.39200000000005,75.114,1.8117,5
134.6,75,0.00092868,10.814,21.861,6.5004,298.383,71.673,1.8131,5
134.8,75,0.00097678,10.741,21.9,6.4993,298.37399999999997,69.986,1.8145,5
135.0,75,0.0010089,10.684,21.94,6.4987,298.375,69.278,1.8159,5
135.2,75,0.0010223,10.668,21.98,6.4982,298.376,69.029,1.8174,5
135.4,75,0.00099123,10.71,22.02,6.4986,298.377,67.584,1.8188,5
135.6,75,0.00094266,10.796,22.057,6.4994,298.398,74.727,1.8202,5
135.8,75,0.00094556,10.788,22.095,6.501,298.38899999999995,71.263,1.8216,5
136.0,75,0.00094507,10.79,22.133,6.5016,298.38,68.017,1.8229,5
136.2,75,0.00093427,10.791,22.171,6.5019,298.39099999999996,73.986,1.8243,5
136.4,75,0.00093023,10.79,22.208,6.5006,298.382,70.278,1.8256,5
136.6,75,0.00096042,10.751,22.247,6.4971,298.383,67.5,1.827,5
136.8,75,0.00093385,10.795,22.284,6.4938,298.394,72.887,1.8283,5
137.0,75,0.00091272,10.834,22.32,6.4914,298.385,68.034,1.8297,5
137.2,75,0.00093116,10.815,22.357,6.4908,298.426,81.789,1.831,5
137.4,75,0.00092881,10.842,22.393,6.4912,298.40700000000004,75.011,1.8323,5
137.6,75,0.00092558,10.843,22.428,6.4925,298.388,67.894,1.8336,5
137.8,75,0.00089839,10.895,22.463,6.496,298.40900000000005,74.805,1.8349,5
138.0,75,0.00087522,10.939,22.496,6.499,298.38,66.169,1.8362,5
138.2,75,0.00083487,10.998,22.529,6.5039,298.421,81.617,1.8374,5
138.4,75,0.00084989,10.987,22.561,6.5066,298.402,70.911,1.8385,5
138.6,75,0.00083014,10.998,22.594,6.5073,298.373,59.927,1.8397,5
138.8,75,0.00083685,10.967,22.626,6.5085,298.394,67.565,1.8408,5
139.0,75,0.00084359,10.946,22.659,6.5089,298.365,58.034,1.842,5
139.2,75,0.00081119,10.984,22.691,6.5073,298.406,73.526,1.8431,5
139.4,75,0.00082436,10.947,22.723,6.5003,298.387,63.337,1.8442,5
139.6,75,0.00084395,10.931,22.756,6.494,298.45799999999997,91.942,1.8454,5
139.8,75,0.00086099,10.92,22.789,6.4878,298.42900000000003,78.802,1.8465,5
140.0,75,0.00083303,10.981,22.822,6.4894,298.39,64.355,1.8477,5
140.2,75,0.00084263,10.994,22.854,6.4927,298.43100000000004,79.802,1.8488,5
140.4,75,0.00085501,10.99,22.886,6.4976,298.402,67.053,1.8499,5
140.6,75,0.00088243,10.948,22.918,6.5024,298.48299999999995,98.942,1.8511,5
140.8,75,0.00086095,10.949,22.951,6.506,298.444,83.688,1.8523,5
141.0,75,0.0008369,10.975,22.982,6.5085,298.405,67.664,1.8534,5
141.2,75,0.00080007,11.004,23.013,6.5086,298.446,82.702,1.8545,5
141.4,75,0.00079622,10.989,23.044,6.5096,298.407,68.616,1.8555,5
141.6,75,0.00078562,10.973,23.075,6.511,298.36800000000005,55.213,1.8565,5
141.8,75,0.0007717,10.962,23.105,6.5136,298.389,62.747,1.8576,5
142.0,75,0.00073067,11.006,23.135,6.514,298.35999999999996,49.09,1.8585,5
142.2,75,0.00075892,10.937,23.166,6.5088,298.411,69.904,1.8595,5
142.4,75,0.00074892,10.95,23.196,6.5035,298.382,55.704,1.8604,5
142.6,75,0.0007206,10.967,23.226,6.4999,298.473,92.78,1.8613,5
142.8,75,0.00070319,11.002,23.255,6.4972,298.424,72.749,1.8622,5
143.0,75,0.0006701,11.036,23.283,6.4975,298.375,51.969,1.863,5
143.2,75,0.00063111,11.084,23.31,6.5002,298.416,68.354,1.8638,5
143.4,75,0.00061762,11.096,23.336,6.5028,298.36699999999996,49.979,1.8645,5
143.6,75,0.00062783,11.086,23.363,6.5045,298.43800000000005,74.504,1.8653,5
143.8,75,0.00063568,11.081,23.39,6.5034,298.379,54.805,1.866,5
144.0,75,0.00061227,11.095,23.416,6.5033,298.49,96.451,1.8667,5
144.2,75,0.00061996,11.099,23.442,6.503,298.421,70.048,1.8674,5
144.4,75,0.00059755,11.11,23.468,6.5024,298.36199999999997,45.971,1.8681,5
144.6,75,0.00060904,11.098,23.494,6.4992,298.403,62.466,1.8688,5
144.8,75,0.00061231,11.093,23.52,6.4979,298.354,43.659,1.8694,5
145.0,75,0.0005895,11.149,23.545,6.4975,298.425,69.527,1.8701,5
145.2,75,0.00058973,11.14,23.57,6.4988,298.366,47.124,1.8707,5
145.4,75,0.00058202,11.158,23.595,6.502,298.48699999999997,93.011,1.8713,5
145.6,75,0.00057118,11.179,23.62,6.5033,298.408,61.793,1.8719,5
145.8,75,0.00057738,11.152,23.644,6.5058,298.609,136.72,1.8725,5
146.0,75,0.00060196,11.11,23.67,6.5051,298.5,93.574,1.8731,5
146.2,75,0.00060187,11.093,23.697,6.5032,298.401,57.279,1.8738,5
146.4,75,0.0006,11.098,23.723,6.502,298.482,86.365,1.8744,5
146.6,75,0.00059782,11.083,23.75,6.5005,298.403,57.374,1.875,5
146.8,75,0.00061788,11.062,23.777,6.4966,298.56399999999996,119.16,1.8756,5
147.0,75,0.00059952,11.113,23.802,6.4924,298.46500000000003,81.16,1.8762,5
147.2,75,0.00061821,11.102,23.829,6.4923,298.38599999999997,49.156,1.8768,5
147.4,75,0.00060401,11.141,23.854,6.4949,298.447,72.249,1.8774,5
147.6,75,0.0005932,11.182,23.879,6.4989,298.378,45.572,1.8779,5
147.8,75,0.00056794,11.216,23.904,6.5054,298.50899999999996,96.994,1.8785,5
148.0,75,0.00055381,11.238,23.928,6.5093,298.42,61.859,1.879,5
148.2,75,0.00054607,11.238,23.952,6.5089,298.64099999999996,145.8,1.8795,5
148.4,75,0.00051214,11.278,23.975,6.5053,298.522,97.686,1.8799,5
148.6,75,0.00049307,11.294,23.997,6.5033,298.413,55.458,1.8803,5
148.8,75,0.00047802,11.315,24.019,6.5016,298.494,86.542,1.8807,5
149.0,75,0.00049095,11.299,24.042,6.5025,298.40500000000003,53.244,1.8811,5
149.2,75,0.00048619,11.301,24.064,6.5039,298.57599999999996,118.15,1.8815,5
149.4,75,0.00049563,11.288,24.087,6.5024,298.46700000000004,76.858,1.8818,5
149.6,75,0.00049122,11.291,24.109,6.5013,298.378,40.742,1.8822,5
149.8,75,0.00047761,11.307,24.131,6.5001,298.439,64.304,1.8825,5
150.0,75,0.00046091,11.326,24.153,6.498,298.37,37.487,1.8829,5
150.2,75,0.00044872,10.085,24.179,6.5258,298.481,80.309,1.8724,5
150.4,75,0.00045921,10.018,24.207,6.5462,298.422,56.838,1.8569,5
150.6,75,0.00049652,9.8831,24.237,6.5494,298.613,128.14,1.8412,5
150.8,75,0.0004755,9.8236,24.268,6.5359,298.524,94.674,1.8255,5
151.0,75,0.00046354,9.7921,24.299,6.5151,298.445,66.285,1.8097,5
151.2,75,0.00048621,9.7679,24.33,6.4949,298.546,102.57,1.7939,5
151.4,75,0.00052486,9.7263,24.362,6.477,298.487,79.225,1.7782,5
151.6,75,0.00056669,9.7102,24.395,6.4663,298.438,60.635,1.7625,5
151.8,75,0.00060272,9.7309,24.428,6.4658,298.499,83.612,1.7468,5
152.0,75,0.00060551,9.8125,24.461,6.4753,298.45,64.666,1.7312,5
152.2,75,0.00058057,9.8724,24.492,6.4683,298.581,113.56,1.7266,5
152.4,75,0.00059258,9.9259,24.522,6.4747,298.502,82.951,1.7267,5
152.6,75,0.00057685,9.9996,24.551,6.4873,298.423,56.82,1.727,5
152.8,75,0.00055348,10.047,24.579,6.5018,298.48400000000004,75.975,1.7274,5
153.0,75,0.00055023,10.05,24.606,6.5172,298.41499999999996,52.311,1.7277,5
153.2,75,0.00054256,10.024,24.634,6.5268,298.55600000000004,101.96,1.7279,5
153.4,75,0.0005215,9.9931,24.662,6.5286,298.467,68.455,1.7282,5
153.6,75,0.00052212,9.9413,24.691,6.5224,298.71799999999996,159.5,1.7284,5
153.8,75,0.00052748,9.905,24.72,6.509,298.589,110.86,1.7287,5
154.0,75,0.00053887,9.871,24.75,6.4938,298.47999999999996,71.842,1.7289,5
154.2,75,0.00052827,9.8886,24.779,6.4826,298.411,46.708,1.7292,5
154.4,75,0.00054199,9.9012,24.808,6.4776,298.472,68.27,1.7294,5
154.6,75,0.0005105,9.9724,24.836,6.4819,298.423,51.061,1.7296,5
154.8,75,0.00053026,9.9846,24.864,6.4921,298.504,81.405,1.7299,5
155.0,75,0.00053678,9.9789,24.892,6.5041,298.445,59.033,1.7301,5
155.2,75,0.00053045,9.9797,24.92,6.5172,298.596,113.15,1.7303,5
155.4,75,0.00050856,9.9621,24.948,6.5263,298.507,80.246,1.7305,5
155.6,75,0.0005067,9.9195,24.976,6.5262,298.43800000000005,53.53,1.7307,5
155.8,75,0.00053009,9.8424,25.007,6.5178,298.499,77.124,1.7308,5
156.0,75,0.00054829,9.7695,25.038,6.5019,298.44,56.517,1.731,5
156.2,75,0.00056032,9.7575,25.069,6.4871,298.601,111.4,1.7312,5
156.4,75,0.00053945,9.806,25.1,6.4775,298.522,82.635,1.7314,5
156.6,75,0.00054999,9.8333,25.13,6.4773,298.44300000000004,56.409,1.7316,5
156.8,75,0.0005531,9.8779,25.16,6.4851,298.524,83.026,1.7318,5
157.0,75,0.00055697,9.9006,25.19,6.4975,298.45500000000004,58.672,1.7319,5
157.2,75,0.00057144,9.8955,25.22,6.5098,298.616,117.06,1.7321,5
157.4,75,0.00057244,9.8878,25.25,6.5216,298.537,85.911,1.7323,5
157.6,75,0.00060413,9.8131,25.282,6.5268,298.458,59.664,1.7325,5
157.8,75,0.00064728,9.7242,25.317,6.5225,298.549,89.218,1.7327,5
158.0,75,0.00065644,9.669,25.352,6.5113,298.49,68.905,1.7329,5
158.2,75,0.00067512,9.6382,25.388,6.4968,298.661,130.14,1.7331,5
158.4,75,0.0006633,9.6368,25.424,6.4865,298.582,100.79,1.7334,5
158.6,75,0.00068138,9.6535,25.459,6.4807,298.51300000000003,75.288,1.7336,5
158.8,75,0.00070013,9.6667,25.495,6.4814,298.454,56.006,1.7338,5
159.0,75,0.00070151,9.7003,25.53,6.4886,298.505,73.899,1.7341,5
159.2,75,0.00073787,9.674,25.566,6.4976,298.466,57.62,1.7343,5
159.4,75,0.00079445,9.6275,25.604,6.507,298.58700000000005,100.71,1.7346,5
159.6,75,0.00079472,9.6079,25.641,6.5138,298.528,80.613,1.7349,5
159.8,75,0.00085608,9.5097,25.681,6.5143,298.479,63.361,1.7353,5
160.0,75,0.00087905,9.4732,25.722,6.5112,298.55,87.886,1.7356,5
160.2,75,0.00067439,11.577,25.731,6.5081,298.461,54.872,1.7359,5
160.4,75,0.00071137,11.543,25.74,6.5038,298.612,107.8,1.7361,5
160.6,75,0.00070721,11.558,25.75,6.501,298.513,71.411,1.7363,5
160.8,75,0.00068956,11.584,25.759,6.4992,298.414,37.851,1.7365,5
161.0,75,0.00071453,11.589,25.768,6.4971,298.46500000000003,56.573,1.7366,5
161.2,75,0.00072457,11.588,25.778,6.4937,298.39599999999996,28.956,1.7369,5
161.4,75,0.00077429,11.57,25.789,6.4928,298.497,65.147,1.7371,5
161.6,75,0.00077113,11.621,25.799,6.4953,298.418,38.082,1.7373,5
161.8,75,0.00079544,11.635,25.809,6.4986,298.52900000000005,78.403,1.7375,5
162.0,75,0.00083941,11.602,25.821,6.5008,298.44,45.309,1.7378,5
162.2,75,0.00083286,11.621,25.833,6.5051,298.631,114.95,1.7381,5
162.4,75,0.00082883,11.621,25.844,6.5087,298.512,69.959,1.7383,5
162.6,75,0.00082437,11.625,25.856,6.5107,298.413,31.41,1.7385,5
162.8,75,0.00084385,11.599,25.868,6.5088,298.48400000000004,57.331,1.7388,5
163.0,75,0.00084355,11.586,25.881,6.5065,298.405,29.091,1.7391,5
163.2,75,0.00090226,11.538,25.896,6.5021,298.51599999999996,69.875,1.7393,5
163.4,75,0.00091002,11.547,25.911,6.4973,298.427,36.48,1.7396,5
163.6,75,0.00090381,11.571,25.925,6.4943,298.628,110.32,1.7399,5
163.8,75,0.00092364,11.574,25.939,6.4935,298.499,63.543,1.7402,5
164.0,75,0.0009207,11.621,25.953,6.4936,298.83,185.14,1.7405,5
164.2,75,0.0009443,11.624,25.968,6.4954,298.661,121.47,1.7408,5
164.4,75,0.00097618,11.602,25.984,6.4956,298.512,64.8,1.7411,5
164.6,75,0.00096338,11.634,25.999,6.4959,298.65299999999996,116.15,1.7414,5
164.8,75,0.00096712,11.661,26.015,6.5006,298.524,71.047,1.7417,5
165.0,75,0.00099899,11.644,26.031,6.503,298.425,33.766,1.742,5
165.2,75,0.0010146,11.628,26.048,6.5032,298.49600000000004,57.421,1.7424,5
165.4,75,0.0010212,11.634,26.065,6.5022,298.417,29.016,1.7427,5
165.6,75,0.0010386,11.637,26.082,6.4983,298.518,67.368,1.743,5
165.8,75,0.0010555,11.635,26.1,6.4974,298.449,39.762,1.7434,5
166.0,75,0.0010657,11.621,26.117,6.4984,298.56,78.894,1.7438,5
166.2,75,0.0010523,11.664,26.135,6.502,298.471,46.835,1.7441,5
166.4,75,0.0010691,11.671,26.152,6.5077,298.642,111.11,1.7445,5
166.6,75,0.0010709,11.666,26.17,6.5117,298.543,71.444,1.7448,5
166.8,75,0.0010902,11.656,26.189,6.514,298.444,34.797,1.7452,5
167.0,75,0.0010981,11.635,26.208,6.5132,298.505,59.181,1.7455,5
167.2,75,0.0010914,11.61,26.228,6.5079,298.43600000000004,30.561,1.7459,5
167.4,75,0.0010893,11.597,26.248,6.5013,298.537,67.834,1.7462,5
167.6,75,0.0011135,11.598,26.269,6.4962,298.458,40.018,1.7466,5
167.8,75,0.0011293,11.622,26.289,6.4929,298.559,77.695,1.747,5
168.0,75,0.0011188,11.657,26.309,6.4931,298.47999999999996,45.657,1.7474,5
168.2,75,0.0011157,11.704,26.329,6.4958,298.641,107.35,1.7477,5
168.4,75,0.0011081,11.74,26.349,6.4987,298.532,67.407,1.7481,5
168.6,75,0.0011251,11.739,26.369,6.503,298.793,163.11,1.7484,5
168.8,75,0.0011157,11.755,26.388,6.5058,298.664,113.45,1.7488,5
169.0,75,0.00114,11.737,26.408,6.5076,298.535,65.689,1.7492,5
169.2,75,0.0011244,11.745,26.427,6.5064,298.636,104.38,1.7495,5
169.4,75,0.0011341,11.728,26.447,6.5044,298.537,65.668,1.7499,5
169.6,75,0.0010625,11.784,26.465,6.5019,298.738,140.13,1.7502,5
169.8,75,0.0010238,11.821,26.482,6.5002,298.609,92.359,1.7505,5
170.0,75,0.0010354,11.825,26.499,6.4989,298.5,50.432,1.7508,5
170.2,75,0.0010342,10.784,26.532,6.5264,298.581,80.071,1.741,5
170.4,75,0.001074,10.716,26.566,6.5463,298.50199999999995,51.05,1.7266,5
170.6,75,0.0011144,10.606,26.603,6.5452,298.683,116.63,1.7119,5
170.8,75,0.0011472,10.491,26.643,6.5199,298.584,82.378,1.6972,5
171.0,75,0.001203,10.421,26.684,6.4876,298.51500000000004,53.236,1.6826,5
171.2,75,0.0012184,10.439,26.725,6.4646,298.596,85.168,1.668,5
171.4,75,0.001244,10.491,26.765,6.4602,298.52700000000004,58.367,1.6534,5
171.6,75,0.0012948,10.541,26.805,6.4741,298.708,124.55,1.6389,5
171.8,75,0.0013434,10.56,26.844,6.4976,298.599,85.936,1.6243,5
172.0,75,0.0013692,10.566,26.885,6.5192,298.51,53.903,1.6098,5
172.2,75,0.0013642,10.535,26.926,6.5072,298.601,83.618,1.6057,5
172.4,75,0.0013804,10.518,26.968,6.494,298.52200000000005,57.408,1.6059,5
172.6,75,0.0013755,10.519,27.009,6.4831,298.713,124.0,1.6064,5
172.8,75,0.0013504,10.576,27.049,6.4792,298.604,83.164,1.6068,5
173.0,75,0.0013483,10.613,27.088,6.4824,298.505,49.387,1.6073,5
173.2,75,0.0013333,10.657,27.127,6.4915,298.586,76.794,1.6077,5
173.4,75,0.0013163,10.684,27.165,6.5019,298.497,45.831,1.6082,5
173.6,75,0.0012621,10.714,27.201,6.5114,298.688,112.99,1.6086,5
173.8,75,0.0013639,10.643,27.24,6.5168,298.569,68.992,1.609,5
174.0,75,0.0013917,10.6,27.279,6.5167,298.91,190.1,1.6095,5
174.2,75,0.0013941,10.564,27.319,6.5133,298.721,123.56,1.61,5
174.4,75,0.0013759,10.556,27.359,6.5054,298.572,68.874,1.6105,5
174.6,75,0.0013681,10.553,27.398,6.4956,298.723,122.3,1.6109,5
174.8,75,0.0013388,10.592,27.436,6.4878,298.59400000000005,76.525,1.6114,5
175.0,75,0.0013244,10.637,27.474,6.487,298.495,41.894,1.6118,5
175.2,75,0.0013778,10.642,27.512,6.4887,298.57599999999996,68.806,1.6123,5
175.4,75,0.0013505,10.675,27.55,6.4933,298.517,47.807,1.6127,5
175.6,75,0.0013245,10.694,27.586,6.4975,298.618,82.841,1.6131,5
175.8,75,0.0012906,10.733,27.622,6.5036,298.529,52.027,1.6136,5
176.0,75,0.001319,10.714,27.658,6.509,298.71,118.06,1.614,5
176.2,75,0.0012917,10.715,27.694,6.5118,298.58099999999996,71.364,1.6144,5
176.4,75,0.0012756,10.705,27.73,6.5116,298.492,38.698,1.6148,5
176.6,75,0.0012727,10.674,27.766,6.5085,298.553,58.801,1.6152,5
176.8,75,0.0012433,10.684,27.802,6.502,298.494,37.599,1.6156,5
177.0,75,0.0012078,10.727,27.836,6.4965,298.59499999999997,72.374,1.616,5
177.2,75,0.0012496,10.699,27.871,6.4924,298.50600000000003,41.738,1.6163,5
177.4,75,0.0012441,10.719,27.906,6.4913,298.697,110.13,1.6167,5
177.6,75,0.0012429,10.74,27.94,6.4924,298.558,59.589,1.6171,5
177.8,75,0.0012149,10.793,27.972,6.4933,298.899,183.18,1.6175,5
178.0,75,0.001249,10.78,28.005,6.4964,298.68,102.13,1.6178,5
178.2,75,0.0012885,10.762,28.038,6.5008,298.521,44.746,1.6182,5
178.4,75,0.0013083,10.743,28.072,6.5056,298.642,87.016,1.6186,5
178.6,75,0.0012996,10.751,28.105,6.5094,298.513,42.215,1.619,5
178.8,75,0.0012972,10.749,28.138,6.5122,298.80400000000003,145.17,1.6195,5
179.0,75,0.0013307,10.702,28.172,6.5126,298.615,78.645,1.6199,5
